{
  "_format": "hh-sol-cache-2",
  "files": {
    "C:\\Users\\zima1\\OneDrive\\Рабочий стол\\blockchain\\BCDV4023 Full-Stack-Blockchain-Integration\\lab3\\backend\\contracts\\DataConsumerV3.sol": {
      "lastModificationDate": 1702603885900,
      "contentHash": "fe02cf67777c0295f8f6668fecaec753",
      "sourceName": "contracts/DataConsumerV3.sol",
      "solcConfig": {
        "version": "0.8.7",
        "settings": {
          "optimizer": {
            "enabled": false,
            "runs": 200
          },
          "outputSelection": {
            "*": {
              "*": [
                "abi",
                "evm.bytecode",
                "evm.deployedBytecode",
                "evm.methodIdentifiers",
                "metadata"
              ],
              "": [
                "ast"
              ]
            }
          }
        }
      },
      "imports": [
        "@chainlink/contracts/src/v0.8/interfaces/AggregatorV3Interface.sol"
      ],
      "versionPragmas": [
        "^0.8.7"
      ],
      "artifacts": [
        "DataConsumerV3"
      ]
    },
    "C:\\Users\\zima1\\OneDrive\\Рабочий стол\\blockchain\\BCDV4023 Full-Stack-Blockchain-Integration\\lab3\\backend\\node_modules\\@chainlink\\contracts\\src\\v0.8\\interfaces\\AggregatorV3Interface.sol": {
      "lastModificationDate": 1702294655252,
      "contentHash": "29c520cd24ad9a3f2c9cf285fee25f05",
      "sourceName": "@chainlink/contracts/src/v0.8/interfaces/AggregatorV3Interface.sol",
      "solcConfig": {
        "version": "0.8.7",
        "settings": {
          "optimizer": {
            "enabled": false,
            "runs": 200
          },
          "outputSelection": {
            "*": {
              "*": [
                "abi",
                "evm.bytecode",
                "evm.deployedBytecode",
                "evm.methodIdentifiers",
                "metadata"
              ],
              "": [
                "ast"
              ]
            }
          }
        }
      },
      "imports": [],
      "versionPragmas": [
        "^0.8.0"
      ],
      "artifacts": [
        "AggregatorV3Interface"
      ]
    }
  }
}
